[
  {
    "id": 1,
    "username": "Smith Watson",
    "image": "../assets/testimonial/1.jpg",
    "rating": "3.5",
    "review": "Edison bulb retro cloud bread echo park, helvetica stumptown taiyaki taxidermy 90's cronut +1 kinfolk. Single-origin coffee ennui shaman taiyaki vape DIY tote bag drinking vinegar cronut adaptogen squid fanny pack vaporware. Man bun next level coloring book skateboard four loko knausgaard. Kitsch keffiyeh master cleanse direct trade indigo juice before they sold out gentrify plaid gastropub normcore XOXO 90's pickled cindigo jean shorts. Slow-carb next level shoindigoitch ethical authentic, yr scenester sriracha forage franzen organic drinking vinegar."
  },
  {
    "id": 2,
    "username": "Morese Sharpe",
    "image": "../assets/testimonial/2.jpg",
    "rating": "5",
    "review": "Edison bulb retro cloud bread echo park, helvetica stumptown taiyaki taxidermy 90's cronut +1 kinfolk. Single-origin coffee ennui shaman taiyaki vape DIY tote bag drinking vinegar cronut adaptogen squid fanny pack vaporware. Man bun next level coloring book skateboard four loko knausgaard. Kitsch keffiyeh master cleanse direct trade indigo juice before they sold out gentrify plaid gastropub normcore XOXO 90's pickled cindigo jean shorts. Slow-carb next level shoindigoitch ethical authentic, yr scenester sriracha forage franzen organic drinking vinegar."
  },
  {
    "id": 3,
    "username": "Tom Williams",
    "image": "../assets/testimonial/3.jpg",
    "rating": "4.5",
    "review": "Edison bulb retro cloud bread echo park, helvetica stumptown taiyaki taxidermy 90's cronut +1 kinfolk. Single-origin coffee ennui shaman taiyaki vape DIY tote bag drinking vinegar cronut adaptogen squid fanny pack vaporware. Man bun next level coloring book skateboard four loko knausgaard. Kitsch keffiyeh master cleanse direct trade indigo juice before they sold out gentrify plaid gastropub normcore XOXO 90's pickled cindigo jean shorts. Slow-carb next level shoindigoitch ethical authentic, yr scenester sriracha forage franzen organic drinking vinegar."
  },
  {
    "id": 4,
    "username": "Bradley Greer",
    "image": "../assets/testimonial/4.jpg",
    "rating": "5",
    "review": "Edison bulb retro cloud bread echo park, helvetica stumptown taiyaki taxidermy 90's cronut +1 kinfolk. Single-origin coffee ennui shaman taiyaki vape DIY tote bag drinking vinegar cronut adaptogen squid fanny pack vaporware. Man bun next level coloring book skateboard four loko knausgaard. Kitsch keffiyeh master cleanse direct trade indigo juice before they sold out gentrify plaid gastropub normcore XOXO 90's pickled cindigo jean shorts. Slow-carb next level shoindigoitch ethical authentic, yr scenester sriracha forage franzen organic drinking vinegar."
  },
  {
    "id": 5,
    "username": "Losis Bla",
    "image": "../assets/testimonial/5.jpg",
    "rating": "3",
    "review": "Edison bulb retro cloud bread echo park, helvetica stumptown taiyaki taxidermy 90's cronut +1 kinfolk. Single-origin coffee ennui shaman taiyaki vape DIY tote bag drinking vinegar cronut adaptogen squid fanny pack vaporware. Man bun next level coloring book skateboard four loko knausgaard. Kitsch keffiyeh master cleanse direct trade indigo juice before they sold out gentrify plaid gastropub normcore XOXO 90's pickled cindigo jean shorts. Slow-carb next level shoindigoitch ethical authentic, yr scenester sriracha forage franzen organic drinking vinegar."
  },
  {
    "id": 6,
    "username": "Angelica Ramos",
    "image": "../assets/testimonial/6.jpg",
    "rating": "4",
    "review": "Edison bulb retro cloud bread echo park, helvetica stumptown taiyaki taxidermy 90's cronut +1 kinfolk. Single-origin coffee ennui shaman taiyaki vape DIY tote bag drinking vinegar cronut adaptogen squid fanny pack vaporware. Man bun next level coloring book skateboard four loko knausgaard. Kitsch keffiyeh master cleanse direct trade indigo juice before they sold out gentrify plaid gastropub normcore XOXO 90's pickled cindigo jean shorts. Slow-carb next level shoindigoitch ethical authentic, yr scenester sriracha forage franzen organic drinking vinegar."
  }
]
